Thermistor Name,Alpha (K),R_0 (Ω),T_0 (K),10uA operating temperature band (K),100uA operating temperature band (K),Resistance Tolerance (Ω/K)
44005,4013.4749,3000,298,70,60,0.02
44004,3867.661796,2252,298,65,50,0.01
44007,3910.59839,5000,298,61,65,0.04
44006,3583.905566,10000,298,100,80,0.025
44008,3818.882068,30000,298,40,130,0.01
